FacebookTime,Day,Date,Year
 6:57pm,Saturday, October 28,2020
 1:12pm,Sunday, October 25 , 2020
 4:10pm,Tuesday, October 13, 2020  
 5:34pm,Wednesday, September 30, 2020
 6:34pm,Monday,September 28, 2020
 8:28pm,Saturday, September 26, 2020
 2:15pm,Saturday, September 12, 2020
 12:05am,Monday, September 07, 2020
 9:13pm,Sunday, September 06, 2020
 11:09am,Thursday, September 03, 2020
 12:02pm,Tuesday, September 01, 2020
 6:17pm,Friday, August 21, 2020
 4:17pm,Friday, August 21,2020
 3:30pm,Saturday, August 15,2020
 10:00pm,Sunday,August 9,2020
 5:50pm,Sunday, July 19, 2020
 11:20am,Thursday, July 16, 2020
 5:00pm,Monday, July 13, 2020
 9:27am,Wednesday, July 08, 2020
 6:51pm,Tuesday, July 07, 2020
 11:35am,Monday, July 06, 2020
 1:45pm,Sunday, July 05, 2020
 11:04am,Thursday, July 02, 2020
 8:18pm,Wednesday, July 01, 2020
 6:18pm,Monday, June 22, 2020
 4:37pm,Friday, June 19, 2020
 5:04pm,Saturday, June 13, 2020
 9:24pm,Friday, June 12, 2020
 11:58am,Tuesday, June 09, 2020
 10:08pm,Monday, June 08, 2020
 8:31pm,Monday, June 08, 2020
 8:29pm,Monday, June 08, 2020
 7:25pm,Sunday,June 07,2020
 5:20pm,Monday,May 25,2020
 4:20pm,Sunday,May 10,2020
 4:23pm,Friday, April 24, 2020
 5:20pm,Thursday, April 16, 2020
 9:18pm,Saturday, April 04, 2020
 9:08pm,Friday, April 02, 2020
 1:00am,Sunday,March 29, 2020
 2:31pm,Saturday, March 28, 2020
 3:06pm,Friday, March 27, 2020
 2:32pm,Thursday, March 26, 2020
 7:51pm,Tuesday, March 24, 2020
 10:49pm,Monday, March 23, 2020
 2:58pm,Sunday, March 22, 2020
 8:44pm,Saturday, March 21, 2020
 2:35pm,Tuesday, March 17, 2020
 1:00pm,Sunday, March 15, 2020
 9:03pm,Thursday, March 12, 2020
 10:58pm,Monday, February 03, 2020
 11:19pm,Thursday, January 16, 2020
 9:28pm,Wednesday, January 15, 2020
 10:14am,Sunday, January 12, 2020
 7:05pm,Saturday, January 11, 2020
 12:04am,Friday, January 10, 2020
 5:27pm,Wednesday, January 08, 2020
 11:46am,Sunday, December 29, 2019
 12:39pm,Sunday, December 08, 2019
 9:57pm,Saturday, December 07, 2019
 6:18pm,Saturday, December 07, 2019
 7:42pm,Sunday, November 10, 2019
 9:23am,Sunday, November 03, 2019
 4:46pm,Friday, October 18, 2019
 11:10pm,Tuesday, October 01, 2019
 11:10am,Monday, September 30, 2019
 8:27am,Monday, September 23, 2029
 1:10pm,Thursday, September 19, 2019
 3:30pm,Monday, August 19,2019
 7:27pm,Saturday, August 03, 2019
 1:16am,Thursday, June 18, 2020
 12:03am,Tuesday, June 11, 2019
 4:51am,Tuesday, June 04, 2019
 4:51am,Tuesday, June 04, 2019
