 InstagramTime,Day,Date,Year
 7:30pm,Wednesday, September 30, 2020
 8:28pm,Saturday, September 26, 2020
 2:05pm,Saturday, September 12, 2020
 9:56pm,Friday, September 11, 2020
 6:44pm,Friday, September 11, 2020
 12:05am,Monday, September 07, 2020
 9:13pm,Sunday, September 06, 2020
 11:59am,Friday, September 04, 2020
 12:02pm,Tuesday, September 01, 2020
 6:17pm,Friday, August 21, 2020
 5:54pm,Sunday, July 19, 2020
 11:20am,Thursday, July 16, 2020
 7:00pm,Tuesday, July 14, 2020
 9:27am,Wednesday, July 08, 2020
 8:11pm,Tuesday, July 07, 2020
 11:05am,Tuesday, July 07, 2020
 9:42am,Tuesday, July 07, 2020
 1:45pm,Sunday, July 05, 2020
 11:04am,Thursday, July 02, 2020
 8:18pm,Wednesday, July 01, 2020
 7:38pm,Monday, June 22, 2020
 1:57pm,Friday, June 19, 2020
 9:04pm,Saturday, June 13, 2020
 9:24pm,Friday, June 12, 2020
 3:00pm,Friday, June 12, 2020
 8:56pm,Friday, June 11, 2010
 9:40am,Thursday, June 11, 2020
 11:21pm,Wednesday, June 10, 2020
 5:29pm,Wednesday, June 10, 2020
 9:41am,Wednesday, June 10, 2020
 10:48am,Tuesday, June 09, 2020
 11:28pm,Monday, June 08, 2020
 8:31pm,Monday, June 08, 2020
 8:29pm,Monday, June 08, 2020
 7:02pm,Monday, March 30, 2020
 11:22am,Wednesday, March 25, 2020
 10:18pm,Saturday, April 04, 2020
 10:13pm,Saturday, April 04, 2020
 12:32pm,Saturday, March 28, 2020
 4:26pm,Friday, March 27, 2020
 2:34pm,Thursday, March 26, 2020
 9:56pm,Tuesday, March 24, 2020
 10:49pm,Monday, March 23, 2020
 2:58pm,Sunday, March 22, 2020
 8:44pm,Saturday, March 21, 2020
 2:35pm,Tuesday, March 17, 2020
 9:03pm,Thursday, March 12, 2020
 6:12pm,Wednesday,February 26, 2020
 7:10pm,Tuesday, January 21,2020
 5:10pm,Tuesday, February 18, 2020
 10:00am,Saturday,February 15,2020
 10:07pm,Thursday, January 16, 2020
 6:18pm,Wednesday, January 15, 2020
 5:14am,Sunday, January 12, 2020
 4:05pm,Saturday, January 11, 2020
 11:01am,Friday, January 10, 2020
 2:27pm,Wednesday, January 08, 2020
 1:00pm,Tuesday, Januray 07, 2020
 9:46am,Sunday, December 29, 2019
 6:27pm,Thursday,December 18, 2019 
 10:39pm,Sunday, December 08, 2019
 1:10pm,Saturday, December 07, 2019
 3:15pm,Saturday, December 07, 2019
 2:49pm,Sunday, November 10, 2019
 9:13am,Sunday, November 03, 2019
 8:46pm,Friday, October 18, 2019
 11:10am,Tuesday, October 01, 2019
 4:27am,Monday, September 23, 2029
 1:10pm,Thursday, September 19, 2019
 3:30pm,Monday, August 19,2019
 6:21pm,Saturday, August 03, 2019
 1:29am,Thursday, June 18, 2020
 12:03am,Tuesday, June 11, 2019
 4:51am,Tuesday, June 04, 2019
 4:51am,Tuesday, June 04, 2019
